History Key,Action Type,Channel,Date,Last Synced At,Lead or Task,Next Move,Outcome,Outcome Notes,Owner,Row Hash,Source
1999dbfa43039d2cdbe89933,System Rebuild,Workbook,"May 2, 2026","May 2, 2026 9:45 PM (GMT+5:30)",FNOMO_MASTER_PIPELINE,Use this as the live execution sheet,No Response,Rebuilt lead pipeline from To do tab,Codex,04e1dbbe241380a9440714dd,Codex execution
71383a40b5588d456a356248,Task Structuring,Workbook,"May 2, 2026","May 2, 2026 9:45 PM (GMT+5:30)",FNOMO_EXECUTION_TASKS,Track completions and deadlines daily,No Response,Built internal execution queue from To do tab,Codex,e3e5ff62b06eb2bf9354cb2a,Codex execution
6a00c274b63889664e312bbc,Outreach Drafting,Workbook,"May 2, 2026","May 2, 2026 9:45 PM (GMT+5:30)",FNOMO_OUTREACH_READY,Mark sent messages back into history once executed,No Response,Prepared 8 ready-to-send messages,Codex,6df4139f15004b033f7c97b4,Codex execution
10fcabfae656af7855b44b1a,Operating Model,GitHub,"May 2, 2026","May 2, 2026 9:45 PM (GMT+5:30)",Fnomo execution workflow,Use morning and evening automations to maintain rhythm,No Response,Locked To do as execution mandate and other sheets as enrichment,Codex,83668e28093ab69b073dfa65,docs/ops/fnomo_execution_operating_model.md
ff67cecc70d6f084dfc04a0a,Lead Enrichment,Workbook + web,"May 2, 2026","May 2, 2026 9:45 PM (GMT+5:30)",CA Associations + Business Owners >2Cr,Use these for tomorrow outreach and second-wave enrichment,No Response,Added 13 public contact rows for overnight priority research inside the existing master pipeline,Codex,089e08c4db94f35ff54f8688,Overnight scrape pass
d6a38e77df0eb24931a03ca5,Lead Enrichment,Workbook + web,"May 2, 2026","May 2, 2026 9:45 PM (GMT+5:30)",Overnight priority enrichment 2026-05-02,Execute Tier A CA and owner contacts first; keep unverified-scale retail as Tier B,No Response,Added 12 verified public contact rows and upgraded Deep/Perfect World owner contacts,Codex,ec774016a8fad02e47b4097f,Overnight priority enrichment automation
4db43a5f656a5274c9ba6328,Priority Enrichment,Workbook,"May 2, 2026","May 2, 2026 9:45 PM (GMT+5:30)",Business Owners >2Cr,"Execute Nahar, Deep, Perfect World, Tirupati, Sapna, Yantra today; call after email touch",No Response,Promoted/confirmed Tier A owner routes and added verified public contact/source detail,Codex,17df767a4f16579d31142836,Fnomo Overnight Priority Enrichment
24854b52a0ee86a482c2ced9,Priority Enrichment,Workbook,"May 2, 2026","May 2, 2026 9:45 PM (GMT+5:30)",CA Associations,Send chair/secretary emails today; keep branch inboxes as backup route,No Response,Updated first-wave Bhopal/Indore chair-secretary route from public CIRC office-bearer PDFs,Codex,358b5dd3cc717868a875d3d1,Fnomo Overnight Priority Enrichment
84e13ed823b67e74bc9a4aac,Outreach Copy Cleanup,Workbook,"May 2, 2026","May 2, 2026 9:45 PM (GMT+5:30)",FNOMO_OUTREACH_READY,Use these as templates; personalize per named contact before sending,No Response,Rewrote aggregate Tier A owner and CA messages around last wrong decision / validation gap,Codex,0945486f07195d6f97da7dce,Fnomo Overnight Priority Enrichment
d208e2cb811a8512bb40956c,Priority Enrichment,Workbook + web,"May 2, 2026","May 2, 2026 9:45 PM (GMT+5:30)",CA Associations second-wave routes,Execute chair/secretary Tier A first; use vice-chair/treasurer/CICASA routes only after first-wave touches or Follow-up 1.,No Response,"Added Bhopal/Indore support office-bearer rows with public emails, mobiles, roles, and non-generic decision-gap notes.",Codex,abb39e9adde4d9f8e98c357a,Fnomo Overnight Priority Enrichment
e7c1f627f741a7459bc69e61,Priority Enrichment,Workbook + web,"May 2, 2026","May 2, 2026 9:45 PM (GMT+5:30)",Business Owners >2Cr second-wave owner routes,Work existing Tier A owner rows first; promote second-wave only when scale or intent is confirmed.,No Response,"Added named Bhopal owner/retail routes for Parshvnath, Gupta, Kumar, and A Z with public emails/phones and tier discipline.",Codex,814829e8798a188dbea94398,Fnomo Overnight Priority Enrichment
a6d1771f8245838dc3b51e30,Priority Enrichment,Workbook + web,"May 2, 2026","May 2, 2026 9:45 PM (GMT+5:30)",Business Owners >2Cr industrial expansion,"Execute current Tier A owner list first, then B.K./S.K. today if first-wave sends are logged.",No Response,"Added B.K. Enterprises and S.K. Industries as Tier A industrial owner/director routes; queued Bhadoriya, Mittal Ispat, and MLK as verified next-wave owner contacts.",Codex,d81428273bdd0e38fc4ca9ee,Fnomo Overnight Priority Enrichment
3a0ab0005ee5ed09f606c154,Priority Enrichment,Workbook + web,"May 2, 2026","May 2, 2026 9:45 PM (GMT+5:30)",CA Associations district branch expansion,Keep Bhopal/Indore chair-secretary first; use district expansion only after first-wave touches or Follow-up 1.,No Response,"Added Ratlam, Mandsaur, Satna, and Neemuch branch/chair/secretary public contact routes with decision-gap notes and Tier B guardrails.",Codex,5e4d4be01e4f3e2ccb036022,Fnomo Overnight Priority Enrichment
9be507c496eff87b48a782bf,Priority Enrichment,Workbook + public web,"May 2, 2026","May 2, 2026 9:45 PM (GMT+5:30)",Business Owners >2Cr,"Execute first-wave owner sends, then named industrial Tier A routes; keep generic inboxes behind verified owners",No Response,Added 5 verified industrial owner/company rows and tightened Tier A send order,Codex,ca284bde5619be0682991af5,Fnomo Overnight Priority Enrichment
08887892f3519aa0b9271d1e,Priority Enrichment,Workbook + ICAI CPE public records,"May 2, 2026","May 2, 2026 9:45 PM (GMT+5:30)",CA Associations,Send Bhopal/Indore chair-secretary route first; use district/CPE chapter expansion after first-wave touches,No Response,Added 4 official CPE chapter routes and upgraded Satna official channel,Codex,cd5e293c884e4d4caf638def,Fnomo Overnight Priority Enrichment
91d7cbfad5f538b9291329cf,Priority Enrichment,Workbook + public web,"May 2, 2026","May 2, 2026 9:45 PM (GMT+5:30)",Business Owners >2Cr direct-route cleanup,Execute Tier A owner sends first; validate fresh GIA rows before promotion.,No Response,Replaced Enterprising Engineers contact-form-only route with direct K.G./Nitin/Aparna public emails/phones and queued four named GIA industrial contacts.,Codex,0af81b84687733e69c0ca3d2,Fnomo Overnight Priority Enrichment
d21f89695e1d4961f7314cf5,Priority Enrichment,Workbook + CIRC official contact page,"May 2, 2026","May 2, 2026 9:45 PM (GMT+5:30)",CA Associations regional route,Use only after Bhopal/Indore chair-secretary touches or if local ownership is unclear.,No Response,Added CA Govind Agarwal / CIRC regional office as a direct public routing path without adding new sheets.,Codex,c4a718d477e27b9acaa609ab,Fnomo Overnight Priority Enrichment
f05c5bd5838cec19fbbf03a9,Priority Enrichment,Workbook + public web,"May 2, 2026","May 2, 2026 9:45 PM (GMT+5:30)",Business Owners >2Cr + CA Associations,Execute existing Tier A owner and CA first-wave sends; use Raipur/Jaipur only after CA first-wave touches.,No Response,Added 4 Tier A public owner/company routes and 2 queued CIRC branch expansion routes; tightened aggregate send order.,Codex,39824a382f62e53df9a7b894,Fnomo Overnight Priority Enrichment
d72e19f578f6a9bad33f710d,Priority Enrichment,Workbook + public web,"May 2, 2026","May 2, 2026 9:45 PM (GMT+5:30)",Business Owners >2Cr,Execute existing Tier A owner sends first; use queued public routes only after logging first-wave touches or verifying scale.,No Response,"Added Righill as Tier A and queued five verified public business-owner routes with named contacts, emails, phones, and decision-gap notes.",Codex,ef77adcc1a7d7dbb4cb3f1bc,Fnomo Overnight Priority Enrichment
7ff0017773c5ff06a71f5cbe,Priority Enrichment,Workbook + CIRC public pages,"May 2, 2026","May 2, 2026 9:45 PM (GMT+5:30)",CA Associations,Send Bhopal/Indore chair-secretary route first; escalate regionally only if ownership stalls.,No Response,"Added CIRC regional chairman, vice-chairman, and secretary as second-wave escalation routes without distracting from Bhopal/Indore first wave.",Codex,b105d596788a335b9a9a6dd8,Fnomo Overnight Priority Enrichment
f75d247aeceda8087e9b3200,Pipeline Hygiene,Workbook,"May 2, 2026","May 2, 2026 9:45 PM (GMT+5:30)",FNOMO_MASTER_PIPELINE,Use updated master rows as the live execution surface.,No Response,Backfilled missing Source_Task values on recent enrichment rows and refreshed lead/Tier A/broken-lead KPI counters.,Codex,92af0098a8456dccf75a127a,Fnomo Overnight Priority Enrichment
5a82a1f1b47fdd766037d775,Priority Enrichment,Workbook + public web,"May 2, 2026","May 2, 2026 9:45 PM (GMT+5:30)",Business Owners >2Cr,Execute existing Tier A owner batch first; then use Kumaran and Kakda without referencing rating stress.,No Response,Added Kumaran and Kakda as scale-supported Tier A industrial owner routes with public contacts and decision-gap notes.,Codex,927c4222a93ead11822dfe81,Fnomo Overnight Priority Enrichment
18caa4f3ca962883413ca458,Priority Enrichment,Workbook + CIRC public PDFs,"May 2, 2026","May 2, 2026 9:45 PM (GMT+5:30)",CA Associations,Send Bhopal/Indore/CIRC first; use Lucknow/Varanasi only after first-wave CA touches are logged.,No Response,Added Lucknow and Varanasi 2025-2026 CIRC branch chair/secretary routes as queued expansion.,Codex,83c631cffa9ee40fd7b3455a,Fnomo Overnight Priority Enrichment
4cad9c28cb2ca91b91a77246,Pipeline Hygiene,Workbook,"May 2, 2026","May 2, 2026 9:45 PM (GMT+5:30)",FNOMO_MASTER_PIPELINE + FNOMO_OUTREACH_READY,Use master rows as execution surface; do not promote queued CA expansion before first-wave sends.,No Response,"Updated aggregate mandate rows, outreach addenda, and KPI counters without adding sheets.",Codex,398e950f71fc60769f1f3599,Fnomo Overnight Priority Enrichment
96c068c16bddc667faf3fd82,Priority Contact Enrichment,Workbook + public web,"May 2, 2026","May 2, 2026 9:45 PM (GMT+5:30)",Business Owners >2Cr,Log current Tier A owner sends before using refreshed industrial routes,No Response,"Filled direct public emails/phones for Righill, Sameer, Kumaran, and Kakda; tightened Tier A/queued send logic",Codex,f61260c62e19e35697d5da2c,Fnomo Overnight Priority Enrichment
b3b86acdf57512bc2dad1314,Priority Contact Enrichment,Workbook + CIRC public records,"May 2, 2026","May 2, 2026 9:45 PM (GMT+5:30)",CA Associations,Keep Bhopal/Indore first; use regional/large branches only after first-wave logging,No Response,"Filled direct public mobiles/emails for CIRC regional, Lucknow, and Varanasi CA routes",Codex,14cccb5131090b5e4da619a8,Fnomo Overnight Priority Enrichment
3055aeef909bc53fcbf21a78,Pipeline Hygiene,Workbook,"May 2, 2026","May 2, 2026 9:45 PM (GMT+5:30)",FNOMO_MASTER_PIPELINE,Treat workbook as cleaner execution surface for next send run,No Response,Updated aggregate mandate rows to reflect direct-route cleanup without creating new sheets,Codex,50437bfef91d2185406ebb43,Fnomo Overnight Priority Enrichment
4dc53202cb324a4e888dc8f6,Priority Enrichment,Workbook + web,"May 2, 2026","May 2, 2026 9:45 PM (GMT+5:30)",Business Owners >2Cr,"Log existing Tier A sends first, then use listed/manufacturing owner batch without generic inbox blast",No Response,"Added 5 public business leadership routes; promoted Parvati, GEI, and C.J. Gelatine as Tier A expansion, queued Autosign/Farmila",Codex,2415bb37b332a3d8f61110e1,Fnomo Overnight Priority Enrichment
10afec482b78dcffd5b5a5d1,Priority Enrichment,Workbook + web,"May 2, 2026","May 2, 2026 9:45 PM (GMT+5:30)",CA Associations,Follow up Bhopal/Indore first; use larger branches only if routing stalls or expansion capacity opens,No Response,Confirmed Raipur and Jaipur CIRC chair/secretary direct public routes already present; tightened aggregate CA execution order,Codex,dfcd829b8ae7dcebf807e7b1,Fnomo Overnight Priority Enrichment
7f678f173c136dfbeca529ab,Workbook Hygiene,Workbook,"May 2, 2026","May 2, 2026 9:45 PM (GMT+5:30)",FNOMO_MASTER_PIPELINE,Keep Tier A rows actioned before promoting queued Tier B routes,No Response,Updated aggregate BO/CA mandate rows and outreach addenda without creating sheets,Codex,30a59430f1a321deb04d8078,Fnomo Overnight Priority Enrichment
a19f28326a5c67321ce96a67,WhatsApp Outreach,WhatsApp,"May 2, 2026","May 2, 2026 9:45 PM (GMT+5:30)",WhatsApp CA lead batch,Follow up on 2026-05-04 if no reply; classify replies immediately,No Response,20 leads marked Contacted from WhatsApp CA lead batch,Kush,bbb829b3850cdcdaaf447922,User screenshot / WhatsApp lead batch
29e6c940d9ccd0b7849ef679,Pipeline Hygiene,Workbook,"May 2, 2026","May 2, 2026 9:45 PM (GMT+5:30)",WHATSAPP_CA_LEADS + FNOMO_MASTER_PIPELINE,Use WHATSAPP_CA_LEADS as raw batch sheet; use FNOMO_MASTER_PIPELINE for follow-up execution,No Response,Separated WhatsApp lead bank from Codex Godmode repo concept and renamed GOD-prefixed lead IDs,Codex,b7defb96876cdd4a6200d408,User correction
a2fbd62b7c9fd778e1f5d708,Priority Enrichment,Workbook + web,"May 2, 2026","May 2, 2026 9:45 PM (GMT+5:30)",Business Owners >2Cr public owner routes,Execute/log current Tier A sends; then use Parvati/GEI/C.J. only as controlled next batch.,No Response,"Strengthened Parvati, GEI, C.J. Gelatine, Autosign, and Farmila rows with public emails, phones, named leaders, and stricter send order.",Codex,92cf12c510a40c0d6b74a420,Fnomo Overnight Priority Enrichment
9f4ab32085f1c18f593f98b4,Priority Enrichment,Workbook + web,"May 2, 2026","May 2, 2026 9:45 PM (GMT+5:30)",CA Associations CIRC escalation routes,Follow up Bhopal/Indore first-wave; use escalation rows only if ownership stalls.,No Response,"Added Abhay Chhajed, Anand Jain, and Pankaj Shah as public CIRC routing rows without creating new sheets.",Codex,c8791c8afbffa7ff0672b185,Fnomo Overnight Priority Enrichment
b13466540e1f35f18afaaa93,Platform Partnership Update,Workbook,"May 2, 2026","May 2, 2026 9:45 PM (GMT+5:30)",influential_data_for _corporate + FNOMO_MASTER_PIPELINE,Work Not Contacted rows first; follow up Contacted rows on 2026-05-04,No Response,Updated 24 platform partnership contacts; contacted=18; not_contacted=6,Codex,a52870cc833de9fc51029058,User provided platform partnership table
4d817bee857b5138257c68e6,Priority Enrichment,Workbook + web,"May 2, 2026","May 2, 2026 9:45 PM (GMT+5:30)",Business Owners >2Cr / Kakda Rolling Mills,Call first after current owner send wave; request correct owner email before written outreach,No Response,Tightened existing Kakda Tier A row with verified N.K./Narendra K. Goel phone route and >2Cr scale proof,Codex,3bc4dc3e30aad74bf6902583,IndiaIndustry + Brickwork Ratings
14d4f7535f4e4784b35a42e0,Priority Enrichment,Workbook + web,"May 2, 2026","May 2, 2026 9:45 PM (GMT+5:30)",CA Associations / Bhopal + Indore,"Log Bhopal/Indore first-wave follow-ups, then use Samank/Mausam/Samkit routes as controlled escalation",No Response,"Updated existing CA rows with live CIRC branch contacts, 2026-27 Indore committee signal, and ex-officio escalation order",Codex,3e0ee55b788550efa2c047e8,CIRC branch table + FPJ + CIRC ex-officio PDF
7010d954d6711148c5fcf5d7,Outreach Hygiene,Workbook,"May 2, 2026","May 2, 2026 9:45 PM (GMT+5:30)",FNOMO_OUTREACH_READY CA Associations,Do not send all routes at once; sequence by trust gateway and logged activity,No Response,Cleaned CA routing list so current branch contacts are present but behind first-wave follow-up discipline,Codex,71353814abf68e9567c9a9cf,Fnomo Overnight Priority Enrichment
dfedf229acc1a1c9e348a6ce,Pipeline Hygiene,Workbook,"May 2, 2026","May 2, 2026 9:45 PM (GMT+5:30)",CA Associations branch fields,Use branch field to sequence Bhopal/Indore before district expansions,No Response,Filled blank branch/company cells on existing CA office-bearer rows so routing is scannable,Codex,a088747c0fac55f46cffa9b2,Fnomo Overnight Priority Enrichment
edd836a04dd120e67838529e,Priority Enrichment,Workbook + web,"May 2, 2026","May 2, 2026 9:46 PM (GMT+5:30)",Business Owners >2Cr Tier A routes,Log Tier A owner follow-ups first; use Kakda call-first and avoid promoting Tier B rows until owner touches are recorded.,No Response,"Refreshed existing Tesla, Righill, Kumaran, and Kakda rows with public direct routes, scale signals, and stricter call/email order.",Codex,f03e627bf551994fd60c0b70,Fnomo Overnight Priority Enrichment
4b9d526261d904259e83c31e,Priority Enrichment,Workbook + web,"May 2, 2026","May 2, 2026 9:46 PM (GMT+5:30)",CA Associations Tier A routing,"Sequence Bhopal follow-up, then Samkit, then CIRC escalation only if branch ownership stalls.",No Response,Reconfirmed Bhopal chair/secretary contacts and promoted Samkit Bhandari as current Indore chairman route from public ICAI/CIRC sources.,Codex,f5416e5bac7d0add64259f99,Fnomo Overnight Priority Enrichment
540ad499724bbe2919ca4a26,Pipeline Hygiene,Workbook,"May 2, 2026","May 2, 2026 9:46 PM (GMT+5:30)",FNOMO_MASTER_PIPELINE + FNOMO_OUTREACH_READY,Keep notes source-backed and next actions send-order specific.,No Response,Updated 11 existing priority rows without creating sheets or duplicate lead rows.,Codex,fde5548525cdb0f447525059,Fnomo Overnight Priority Enrichment
65043e385e7789c4c613a4ae,Notion Backend Sync,Notion Internal Integration,"May 2, 2026","May 2, 2026 9:46 PM (GMT+5:30)",FNOMO_MASTER_PIPELINE,Use stored Notion database IDs for repeat lead and history sync,No Response,Created Notion mirror databases and synced 194 leads plus 42 execution history events,Codex,3aaa5e999d054f243438c297,Codex execution
c2d66e11bc736cdbd9b0d734,Notion Sync Rule Update,Notion Internal Integration,"May 2, 2026","May 2, 2026 9:46 PM (GMT+5:30)",FNOMO_MASTER_PIPELINE,Use sheet as source of truth; Notion remains visualization layer,No Response,Changed Notion lead upsert identity to Name + Company and synced 194 leads without duplicates,Codex,c592a7da2f526dccd43cc7a3,Codex execution
7cb1a767b9164778587e1fd0,Priority Enrichment,Workbook,"May 2, 2026","May 2, 2026 9:46 PM (GMT+5:30)",CA Associations + Business Owners >2Cr,Log Bhopal/Indore CA follow-ups and verified owner sends before expanding queued routes,No Response,Refreshed CA official branch routing and tightened BO execution discipline without new sheets or duplicate lead rows,Codex,eedff3ca4023bb09c9574c43,Fnomo overnight automation
2026-05-02::notion-relational-crm-restructure,CRM restructure,Notion API,"May 2, 2026","May 2, 2026 11:18 PM (GMT+5:30)",Notion relational sales system,"Work TODAY, FOLLOW-UP DUE, and TIER A PRIORITY views; clear 22 Tier A New accounts first.",No Response,"Flat leads archived; 122 Clients, 186 Contacts, 186 relational Execution tasks; Deals cleared until engaged partnership discussion.",Codex,,FNOMO_MASTER_PIPELINE -> Notion visibility layer
2026-05-02::notion-segmented-dashboard-headers,Dashboard segmentation,Notion API,"May 2, 2026","May 2, 2026 11:42 PM (GMT+5:30)",Notion Clients and Contacts segment headers,Use Active Clients and Contacts by Segment views for execution; work Tier A inside each segment before Tier B.,No Response,"Added Segment tags and grouped views: Platform Partnerships, CA Firms & Associations, Corporates & Business Owners, Doctors & Healthcare Networks, Business / Trade Associations, Restaurant Partnerships, Data Providers & Distribution.",Codex,,Fnomo Notion CRM
2026-05-03::gtm-command-dashboard-created,Board dashboard build,Notion API,"May 3, 2026","May 3, 2026 12:16 AM (GMT+5:30)",Fnomo GTM Command Dashboard,"Use dashboard for board narrative; update after every execution cycle from Clients, Contacts, Active Work, and Execution History.",No Response,"Created board-facing GTM command page with pipeline snapshot, segment breakdown, Tier A priorities, velocity, engagement, follow-up risk, blockers, and next 7-day plan.",Codex,,Fnomo CRM read layer
2026-05-03::pipeline-intelligence-fix,Pipeline intelligence fix,Notion API,"May 3, 2026","May 3, 2026 12:26 AM (GMT+5:30)",Outcome classification + Tier A SLA,Use reply/engagement rates as the board truth; rebuild messaging around wrong-decision regret and force Tier A replies.,No Response,"Added enum Outcome classification, preserved old outcome text as Outcome Notes, backfilled history rows, and enforced Tier A SLA tasks. Counts: {'No Response': 49, 'history_rows_updated': 1}",Codex,,Fnomo CRM enforcement layer
2026-05-03::messaging-test-batch-1,Messaging test enforcement,Notion API,"May 3, 2026","May 3, 2026 12:46 AM (GMT+5:30)",Tier A contacted / no-response cohort,"Send re-engagement messages; success target is first 5-10 replies, not demos or conversion.",No Response,Paused cold expansion and tagged 27 Tier A contacted/no-response contacts for Messaging Test Batch 1. Created 27 re-engagement tasks. CA contacts use client-mistake trigger; other Tier A contacts use confidence-gap trigger.,Codex,,Pipeline trigger correction
2026-05-03::ca-trigger-message-rewrite,Outreach trigger rewrite,Workbook + Notion,"May 3, 2026","May 3, 2026 12:49 AM (GMT+5:30)",CA Messaging Test Batch 1,Send only to contacted Tier A/no-response cohort; target first 5-10 replies before new cold expansion.,No Response,Replaced CA ready-to-send outreach with wrong-decision trigger and added Version B confidence-gap test. This is not a send event; it is messaging correction for the contacted/no-response cohort.,Codex,,FNOMO_OUTREACH_READY
2026-05-03::current-progress-refresh,Current progress refresh,Workbook + Notion,"May 3, 2026","May 3, 2026 1:20 AM (GMT+5:30)",FNOMO_CURRENT_PROGRESS + GTM Command Dashboard,Execute Messaging Test Batch 1 and refresh once replies are logged.,No Response,Updated workbook current progress and Notion command dashboard from completed execution work so far. No sends or replies were invented.,Codex,,FNOMO_CURRENT_PROGRESS
2026-05-03::founder-circle-plan-implemented,Founder Circle implementation,Workbook + Notion,"May 3, 2026","May 3, 2026 1:44 AM (GMT+5:30)","India Membership Rs 4,899/year Founder Circle",Send Founder Circle triggers to the tagged cohort; success metric is first 5-10 replies.,No Response,"Tagged founder validation cohort, updated active work, and created Founder Circle command page. Counts: {'contacts_tagged': 28, 'tasks_updated': 27, 'tasks_created': 1, 'clients_tagged': 25}; segments: {'Corporates & Business Owners': 6, 'CA Firms & Associations': 16, 'Platform Partnerships': 5, 'Doctors & Healthcare Networks': 1}",Codex,,Founder Circle plan
2026-05-03::founder-activation-playbook,Founder activation automation,Workbook + Notion,"May 3, 2026","May 3, 2026 1:57 AM (GMT+5:30)",0-30 day Founder Circle playbook,"Send archetype-specific Day 1 prompts after founder payment; track activation, usage, testimonial, referrals and advocacy score.",No Response,"Added founder activation fields, archetypes, tasks, dashboard, workbook checklist, proof capture and advocate loop. Counts: {'founder_contacts_updated': 28, 'activation_tasks_upserted': 28}; status: {'Inactive': 28}; archetypes: {'Operator Investor': 7, 'Trusted Advisor': 16, 'Mega Connector': 5}",Codex,,Founder Circle Activation Playbook
2026-05-03::main-chat-may4-priority-followups-notion-sync,Main Chat Notion Sync,Workbook + Notion,"May 3, 2026","May 3, 2026 2:20 AM (GMT+5:30)",May 4 Tier A priority follow-ups,Execute May 4 Follow-up 1 first; then log sends/replies before broader expansion.,No Response,"Synced May 4 follow-up priority correction into Notion. Counts: {'contacts_updated': 8, 'clients_updated': 8, 'tasks_upserted': 7}. Rows: Rajat Dhanuka, Sandeep Wadhwani, Sumit Lalwani, Nitin Nahar, Milind Wadhwani, Kishore Gupta, Vinod Sapre, K.M. Kumar.",Codex,,Main chat PA control
2026-05-03::sunday-planning-only-rule,Sunday Planning Rule,Workbook + Notion,"May 3, 2026","May 3, 2026 2:27 AM (GMT+5:30)",Sunday execution planned for Monday,Use Sunday for planning and Monday queue prep only; resume outbound execution Monday unless Kush explicitly overrides.,No Response,"Sunday is planning-only. Moved due execution to 2026-05-04. Counts: {'clients_moved': 0, 'contacts_moved': 0, 'tasks_moved': 0}.",Codex,,Main chat PA control
2026-05-03::followup1-variants-messaging-test-batch,Follow-up 1 Variant Planning,Workbook + Notion,"May 3, 2026","May 3, 2026 2:56 AM (GMT+5:30)",Messaging Test Batch Tier A BO/CA,"Execute on 2026-05-04; no links, no product, no pitch. Sunday is planning only.",No Response,"Prepared Monday Follow-up 1 variants for 22 Tier A BO/CA contacted/no-response leads. Variant counts: {'Follow-up 1 - Process Audit': 15, 'Follow-up 1 - Advisor CA': 5, 'Follow-up 1 - Operator BO': 2}; platform holds excluded: 5; Notion counts: {'clients_updated': 22, 'contacts_updated': 22, 'tasks_upserted': 22, 'platform_clients_held': 5, 'platform_contacts_held': 5, 'platform_tasks_held': 5}.",Codex,,Main chat PA control
2026-05-04::main-chat-may4-priority-followups-notion-sync,Main Chat Notion Sync,Workbook + Notion,"May 4, 2026","May 3, 2026 8:24 PM (GMT+5:30)",May 4 Tier A priority follow-ups,Execute May 4 Follow-up 1 first; then log sends/replies before broader expansion.,No Response,"Synced May 4 follow-up priority correction into Notion. Counts: {'contacts_updated': 8, 'clients_updated': 8, 'tasks_upserted': 7}. Rows: Rajat Dhanuka, Sandeep Wadhwani, Sumit Lalwani, Nitin Nahar, Milind Wadhwani, Kishore Gupta, Vinod Sapre, K.M. Kumar.",Codex,,Main chat PA control