Pipeline_ID,Lead_Name,Entry_Type,Segment,Source_Sheet,Source_Ref,Tier,Stage,Owner,Last_Contact,Next_Action,Next_Action_Date,Status,Decision_Gap,Contact,Channel,Notes
"FP-049","Ali Solanki","Lead","Influencer Outreach","Influencer Hit List","Crypto/Tech","A","New","Indu","","Send a creator-specific opener that shows how their audience confuses content consumption with decision confidence, then invite a collaboration conversation.","2026-05-02","Ready Today","Audience trust is high, but most creator communities still act on conviction borrowed from content instead of validated judgment.","Ali Solanki","ali@example.com","Niche: Crypto/Tech. Last topic: Web3 Finance. Subscribers: 95000. Engagement: 0.055."
"FP-061","Blinkit","Lead","Platform Partnerships","influential_data_for _corporate","Blinkit","A","New","Indu","","Send a platform-specific first touch anchored in decision quality at the exact user or employee moment the platform already influences.","2026-05-02","Ready Today","The platform already captures intent, but no one owns validation before the decision turns into action.","Firoz Alam | Operations head","firozalam@blinkit.com","Primary contact source: Firoz Alam. Email: firozalam@blinkit.com."
"FP-044","Campion School","Lead","Institutional School Outreach","Institutional School Outreach","Arera Colony","A","New","Indu","","Send a principal-first outreach that reframes student investing mistakes as a decision-quality issue and propose a pilot conversation.","2026-05-02","Ready Today","Schools care about student outcomes and parent trust, but they do not yet see decision validation as a differentiator.","Dr. Fr. Athnas Lakra S.J.","campionbhopal@gmail.com","Legacy institution | Website: campionbhopal.org"
"FP-041","Delhi Public School, Kolar Road","Lead","Institutional School Outreach","Institutional School Outreach","Kolar Rd","A","New","Indu","","Send a principal-first outreach that reframes student investing mistakes as a decision-quality issue and propose a pilot conversation.","2026-05-02","Ready Today","Schools care about student outcomes and parent trust, but they do not yet see decision validation as a differentiator.","Vandana Dhupar","dpskolar@gmail.com","Strong brand, scalable | Website: dpskolar.org"
"FP-042","Delhi Public School, Neelbad","Lead","Institutional School Outreach","Institutional School Outreach","Neelbad","A","New","Indu","","Send a principal-first outreach that reframes student investing mistakes as a decision-quality issue and propose a pilot conversation.","2026-05-02","Ready Today","Schools care about student outcomes and parent trust, but they do not yet see decision validation as a differentiator.","Vinita Malik","info@dpsneelbad.com","Large student base | Website: dpsneelbad.com"
"FP-038","Infosys","Lead","Corporate Pilot","Corporate Pilot Outreach","Lead 2","A","New","Indu","","Find the HR or leadership decision-maker and send a pilot-focused first touch anchored in wrong investment decisions at leadership level.","2026-05-02","Ready Today","Leadership teams discuss financial planning and wealth outcomes, but they rarely validate the quality of the decision process before acting.","Decision-maker not yet identified","Email / LinkedIn research","Leadership Investing Session"
"FP-064","MyGate","Lead","Platform Partnerships","influential_data_for _corporate","MyGate","A","New","Indu","","Send a platform-specific first touch anchored in decision quality at the exact user or employee moment the platform already influences.","2026-05-02","Ready Today","The platform already captures intent, but no one owns validation before the decision turns into action.","Kenneth Saldanha | Director - marketing","kenneth.saldanha@mygate.com","Primary contact source: Kenneth Saldanha. Email: kenneth.saldanha@mygate.com."
"FP-062","Practo","Lead","Platform Partnerships","influential_data_for _corporate","Practo","A","New","Indu","","Send a platform-specific first touch anchored in decision quality at the exact user or employee moment the platform already influences.","2026-05-02","Ready Today","The platform already captures intent, but no one owns validation before the decision turns into action.","Shoumyan Biswas | Global chief marketing and strategy officer","shoumyan.biswas@practo.com","Primary contact source: Shoumyan Biswas. Email: shoumyan.biswas@practo.com."
"FP-039","Reliance","Lead","Corporate Pilot","Corporate Pilot Outreach","Lead 3","A","New","Indu","","Find the HR or leadership decision-maker and send a pilot-focused first touch anchored in wrong investment decisions at leadership level.","2026-05-02","Ready Today","Leadership teams discuss financial planning and wealth outcomes, but they rarely validate the quality of the decision process before acting.","Decision-maker not yet identified","Email / LinkedIn research","Leadership Investing Session"
"FP-043","Sagar Public School, Saket Nagar","Lead","Institutional School Outreach","Institutional School Outreach","Saket Nagar","A","New","Indu","","Send a principal-first outreach that reframes student investing mistakes as a decision-quality issue and propose a pilot conversation.","2026-05-02","Ready Today","Schools care about student outcomes and parent trust, but they do not yet see decision validation as a differentiator.","ms Pankaj Sharma","spssaket@spsbhopal.ac.in","Multi-branch network | Website: spsbhopal.ac.in | Remark:  email required  by school"
"FP-063","Swiggy","Lead","Platform Partnerships","influential_data_for _corporate","Swiggy","A","New","Indu","","Send a platform-specific first touch anchored in decision quality at the exact user or employee moment the platform already influences.","2026-05-02","Ready Today","The platform already captures intent, but no one owns validation before the decision turns into action.","Saurav Goyal | Senior vice president - driver and delivery product & operations","saurav.goyal@swiggy.in","Primary contact source: Saurav Goyal. Email: saurav.goyal@swiggy.in."
"FP-037","Tata","Lead","Corporate Pilot","Corporate Pilot Outreach","Lead 1","A","New","Indu","","Find the HR or leadership decision-maker and send a pilot-focused first touch anchored in wrong investment decisions at leadership level.","2026-05-02","Ready Today","Leadership teams discuss financial planning and wealth outcomes, but they rarely validate the quality of the decision process before acting.","Decision-maker not yet identified","Email / LinkedIn research","Leadership Investing Session"
"FP-059","The Safe Trader Academy","Lead","Community Outreach","Outreach_Database","null #102","A","New","Codex","","Write a community-specific opener that starts from a repeated wrong decision pattern inside the group and tests moderator openness.","2026-05-02","Priority Queue","These communities discuss what to do next, but not how to validate whether the thinking behind the action is sound.","@AnkitThakur / 9297506666","","Focus area: null. Hook: Leveraging Fnomo...."
"FP-040","The Sanskaar Valley School","Lead","Institutional School Outreach","Institutional School Outreach","Chandanpura","A","New","Indu","","Send a principal-first outreach that reframes student investing mistakes as a decision-quality issue and propose a pilot conversation.","2026-05-02","Ready Today","Schools care about student outcomes and parent trust, but they do not yet see decision validation as a differentiator.","Chandresh Shah","info@sanskaarvalley.org","Premium, high decision quality | Website: sanskaarvalley.org"
"FP-060","Zomato","Lead","Platform Partnerships","influential_data_for _corporate","Zomato","A","New","Indu","","Send a platform-specific first touch anchored in decision quality at the exact user or employee moment the platform already influences.","2026-05-02","Ready Today","The platform already captures intent, but no one owns validation before the decision turns into action.","Abhimanyu Goyal | Cluster logs leader / chief operating officer","abhimanyu.goyal@zomato.com","Primary contact source: Abhimanyu Goyal. Email: abhimanyu.goyal@zomato.com."
"FP-002","Contact Business Associations","Action","Partnerships","FNOMO_Priority_todo.txt","Partnerships","A","New","Codex","","Shortlist chambers and local trade groups whose members routinely advise or influence capital decisions.","2026-05-02","Execution Mandate","Business associations see the cost of poor decisions but do not yet recognize validation as a member need.","","","Mapped from raw task list. Parent task: Partnerships."
"FP-003","Contact CA Associations","Action","Partnerships","FNOMO_Priority_todo.txt","Partnerships","A","New","Codex","","Identify Bhopal and MP CA bodies plus the senior office bearers who can approve a pilot conversation.","2026-05-02","Execution Mandate","CAs influence financial choices daily, but their communities still treat wrong investment calls as knowledge gaps instead of validation gaps.","","","Mapped from raw task list. Parent task: Partnerships."
"FP-001","Contact Doctor Associations","Action","Partnerships","FNOMO_Priority_todo.txt","Partnerships","A","New","Codex","","Build a 15-target list of city, state, and specialty doctor associations before first outreach.","2026-05-02","Execution Mandate","Associations host decision moments but are not yet framed as channels for financial decision validation.","","","Mapped from raw task list. Parent task: Partnerships."
"FP-017","Create Outreach Script","Action","Institutional Outreach","FNOMO_Priority_todo.txt","School Outreach","A","New","Indu","","Draft one school email and one WhatsApp opener centered on the cost of poor financial decisions among families and students.","2026-05-02","Execution Mandate","Current outreach risks sounding educational unless it starts from a failed decision pattern.","","","Mapped from raw task list. Parent task: School Outreach."
"FP-014","Define Target Schools","Action","Institutional Outreach","FNOMO_Priority_todo.txt","School Outreach","A","New","Indu","","Confirm the initial school list by tier, brand value, and access to principals or management.","2026-05-02","Execution Mandate","Without tight school selection, outreach becomes volume instead of leverage.","","","Mapped from raw task list. Parent task: School Outreach."
"FP-020","Email Outreach","Action","Institutional Outreach","FNOMO_Priority_todo.txt","School Outreach","A","New","Indu","","Send the first school outreach emails from the prioritized Tier A list and record sent dates immediately.","2026-05-02","Execution Mandate","Without first touch, the school plan remains strategy instead of movement.","","","Mapped from raw task list. Parent task: School Outreach."
"FP-011","Explore Event Platforms","Action","Platform Partnerships","FNOMO_Priority_todo.txt","Platform Tie-ups","A","New","Codex","","List webinar, ticketing, and community platforms that already aggregate decision-curious audiences.","2026-05-02","Execution Mandate","Fnomo needs borrowed attention from moments of active evaluation, not broad awareness alone.","","","Mapped from raw task list. Parent task: Platform Tie-ups."
"FP-010","Explore National Platforms","Action","Platform Partnerships","FNOMO_Priority_todo.txt","Platform Tie-ups","A","New","Codex","","Rank ten scalable platforms by access to high-consequence decision moments before new outreach begins.","2026-05-02","Execution Mandate","Scale channels are available, but channel selection is not yet tied to where decisions actually happen.","","","Mapped from raw task list. Parent task: Platform Tie-ups."
"FP-022","Find Webinar Platforms","Action","Institutional Outreach","FNOMO_Priority_todo.txt","School Outreach","A","New","Indu","","Shortlist webinar hosts that already attract financially curious but under-validated audiences.","2026-05-02","Execution Mandate","Webinars work only when the audience is already near a decision moment.","","","Mapped from raw task list. Parent task: School Outreach."
"FP-004","Identify Business Owners >2Cr","Action","Partnerships","FNOMO_Priority_todo.txt","Partnerships","A","New","Codex","","Create a first 20-account list of profitable owner-led businesses with visible expansion or treasury decisions.","2026-05-02","Execution Mandate","High-liquidity owners make costly capital choices without a validation layer before action.","","","Mapped from raw task list. Parent task: Partnerships."
"FP-015","Identify Decision Makers","Action","Institutional Outreach","FNOMO_Priority_todo.txt","School Outreach","A","New","Indu","","Fill principal, admin, or trustee contact gaps for every Tier A school before more Tier C names are added.","2026-05-02","Execution Mandate","School names are present, but the actual decision owners are still missing in too many rows.","","","Mapped from raw task list. Parent task: School Outreach."
"FP-019","Identify Pilot Schools","Action","Institutional Outreach","FNOMO_Priority_todo.txt","School Outreach","A","New","Indu","","Select two Tier A schools and one Tier B backup for immediate pilot outreach.","2026-05-02","Execution Mandate","Pilot energy gets diluted unless a short-list is locked first.","","","Mapped from raw task list. Parent task: School Outreach."
"FP-016","Prepare Contact List","Action","Institutional Outreach","FNOMO_Priority_todo.txt","School Outreach","A","New","Indu","","Standardize school contacts into one send-ready list with email, phone, owner, and next action date.","2026-05-02","Execution Mandate","The pipeline has names, but not yet an execution-grade contact layer.","","","Mapped from raw task list. Parent task: School Outreach."
"FP-006","Reach out Blinkit","Action","Platform Partnerships","FNOMO_Priority_todo.txt","Platform Tie-ups","A","New","Codex","","Open with an operations-led angle on high-frequency purchase decisions and employee financial wellness.","2026-05-02","Execution Mandate","Fast commerce excels at speed, but speed amplifies bad decisions when judgment is unvalidated.","","","Mapped from raw task list. Parent task: Platform Tie-ups."
"FP-009","Reach out MyGate","Action","Platform Partnerships","FNOMO_Priority_todo.txt","Platform Tie-ups","A","New","Codex","","Identify the business or partnerships lead and position Fnomo around household money and trust decisions.","2026-05-02","Execution Mandate","MyGate touches communities at the moment of local trust decisions but does not yet convert that into validation-led engagement.","","","Mapped from raw task list. Parent task: Platform Tie-ups."
"FP-005","Reach out Practo","Action","Platform Partnerships","FNOMO_Priority_todo.txt","Platform Tie-ups","A","New","Codex","","Use named Practo operators to frame Fnomo as a decision-quality layer for patient and health-spend choices.","2026-05-02","Execution Mandate","Practo reduces discovery friction, but patients still make poor downstream decisions without validation.","","","Mapped from raw task list. Parent task: Platform Tie-ups."
"FP-008","Reach out Swiggy","Action","Platform Partnerships","FNOMO_Priority_todo.txt","Platform Tie-ups","A","New","Codex","","Frame a pilot around employee or customer decision moments rather than generic brand partnership language.","2026-05-02","Execution Mandate","Swiggy sits near daily spending decisions yet lacks a validation narrative before spending action.","","","Mapped from raw task list. Parent task: Platform Tie-ups."
"FP-007","Reach out Zomato","Action","Platform Partnerships","FNOMO_Priority_todo.txt","Platform Tie-ups","A","New","Codex","","Start with the supply-chain or ops leader who feels the cost of impulsive consumer choices most directly.","2026-05-02","Execution Mandate","Marketplace behavior is rich with rapid decisions, but nobody owns validation before action.","","","Mapped from raw task list. Parent task: Platform Tie-ups."
"FP-012","Restaurant Partnerships","Action","Platform Partnerships","FNOMO_Priority_todo.txt","Platform Tie-ups","A","New","Codex","","Define a restaurant partnership hypothesis tied to spending choices, QR journeys, and young professional decision moments.","2026-05-02","Execution Mandate","Restaurants see group spending decisions in real time but are not yet treated as conversion surfaces.","","","Mapped from raw task list. Parent task: Platform Tie-ups."
"FP-013","School Outreach Plan","Action","Institutional Outreach","FNOMO_Priority_todo.txt","School Outreach","A","New","Indu","","Lock the school outreach sequence: target list, decision-maker, script, workshop offer, and follow-up clock.","2026-05-02","Execution Mandate","Schools value outcomes, but the investment-decision problem is not yet framed as an institutional differentiator.","","","Mapped from raw task list. Parent task: School Outreach."
"FP-021","WhatsApp Outreach","Action","Institutional Outreach","FNOMO_Priority_todo.txt","School Outreach","A","New","Indu","","Prepare short WhatsApp variants for schools where response probability is higher on mobile than email.","2026-05-02","Execution Mandate","Some contacts will ignore email unless the follow-up channel matches their habit.","","","Mapped from raw task list. Parent task: School Outreach."
"FP-018","Workshop Proposal (Young Investor)","Action","Institutional Outreach","FNOMO_Priority_todo.txt","School Outreach","A","New","Indu","","Convert the workshop into a decision-quality proposal rather than a generic investing-awareness session.","2026-05-02","Execution Mandate","A workshop sells only when the institution sees the hidden cost of unvalidated decisions.","","","Mapped from raw task list. Parent task: School Outreach."
"FP-050","Arnab Nayak","Lead","Influencer Outreach","Influencer Hit List","Startups","B","New","Indu","","Send a creator-specific opener that shows how their audience confuses content consumption with decision confidence, then invite a collaboration conversation.","2026-05-02","Warm Prospect","Audience trust is high, but most creator communities still act on conviction borrowed from content instead of validated judgment.","Arnab Nayak","arnab@example.com","Niche: Startups. Last topic: Startup Launch Guide. Subscribers: 85000. Engagement: 0.045."
"FP-047","Billabong High International School","Lead","Institutional School Outreach","Institutional School Outreach","Bawadia Kalan","B","New","Indu","","Send a principal-first outreach that reframes student investing mistakes as a decision-quality issue and propose a pilot conversation.","2026-05-02","Research Queue","Schools care about student outcomes and parent trust, but they do not yet see decision validation as a differentiator.","Ashish Agarwal","bhisbhopal@kangarookids.co.in","Premium positioning | Website: billabonghigh.com"
"FP-046","International Public School","Lead","Institutional School Outreach","Institutional School Outreach","Misrod","B","New","Indu","","Send a principal-first outreach that reframes student investing mistakes as a decision-quality issue and propose a pilot conversation.","2026-05-02","Research Queue","Schools care about student outcomes and parent trust, but they do not yet see decision validation as a differentiator.","Deepti Singh","ipsbhopal@ipsacademy.org","Growth-focused | Website: ipsbhopal.com"
"FP-054","Kushal Lodha","Lead","Influencer Outreach","Influencer Hit List","Career/Finance","B","New","Indu","","Send a creator-specific opener that shows how their audience confuses content consumption with decision confidence, then invite a collaboration conversation.","2026-05-02","Warm Prospect","Audience trust is high, but most creator communities still act on conviction borrowed from content instead of validated judgment.","Kushal Lodha","kushal@example.com","Niche: Career/Finance. Last topic: Salary Negotiations. Subscribers: 98000. Engagement: 0.032."
"FP-058","Nifty Stock Trades","Lead","Community Outreach","Outreach_Database","Telegram #51","B","New","Codex","","Write a community-specific opener that starts from a repeated wrong decision pattern inside the group and tests moderator openness.","2026-05-02","Ready Today","These communities discuss what to do next, but not how to validate whether the thinking behind the action is sound.","Moderator/Admin not captured","https://t.me/way2laabh02","Focus area: Market Analysis. Hook: To be sharpened."
"FP-055","r/IndiaInvestments","Lead","Reddit Community","Outreach_Database","Reddit #1","B","New","Codex","","Write a community-specific opener that starts from a repeated wrong decision pattern inside the group and tests moderator openness.","2026-05-02","Ready Today","These communities discuss what to do next, but not how to validate whether the thinking behind the action is sound.","Moderator/Admin not captured","https://www.reddit.com/r/IndiaInvestments/","Focus area: Core Wealth Validation. Hook: To be sharpened."
"FP-056","r/PersonalFinanceIndia","Lead","Reddit Community","Outreach_Database","Reddit #3","B","New","Codex","","Write a community-specific opener that starts from a repeated wrong decision pattern inside the group and tests moderator openness.","2026-05-02","Ready Today","These communities discuss what to do next, but not how to validate whether the thinking behind the action is sound.","Moderator/Admin not captured","https://www.reddit.com/r/personalfinanceindia/","Focus area: Long-term Planning. Hook: To be sharpened."
"FP-057","r/StartupIndia","Lead","Reddit Community","Outreach_Database","Reddit #10","B","New","Codex","","Write a community-specific opener that starts from a repeated wrong decision pattern inside the group and tests moderator openness.","2026-05-02","Ready Today","These communities discuss what to do next, but not how to validate whether the thinking behind the action is sound.","Moderator/Admin not captured","https://www.reddit.com/r/StartupIndia/","Focus area: Founders' Financial Planning. Hook: To be sharpened."
"FP-051","Riya Yadav","Lead","Influencer Outreach","Influencer Hit List","Crypto","B","New","Indu","","Send a creator-specific opener that shows how their audience confuses content consumption with decision confidence, then invite a collaboration conversation.","2026-05-02","Warm Prospect","Audience trust is high, but most creator communities still act on conviction borrowed from content instead of validated judgment.","Riya Yadav","riya@example.com","Niche: Crypto. Last topic: Bitcoin Halving. Subscribers: 75000. Engagement: 0.048."
"FP-048","Ryan International School","Lead","Institutional School Outreach","Institutional School Outreach","BHEL","B","New","Indu","","Send a principal-first outreach that reframes student investing mistakes as a decision-quality issue and propose a pilot conversation.","2026-05-02","Research Queue","Schools care about student outcomes and parent trust, but they do not yet see decision validation as a differentiator.","Sarika Chourasia","ris.bhopal@ryangroup.org","Structured system | Website: ryaninternational.org | Remark: Not working till 24 "
"FP-045","St. Joseph’s Co-Ed School","Lead","Institutional School Outreach","Institutional School Outreach","Arera Colony","B","New","Indu","","Send a principal-first outreach that reframes student investing mistakes as a decision-quality issue and propose a pilot conversation.","2026-05-02","Research Queue","Schools care about student outcomes and parent trust, but they do not yet see decision validation as a differentiator.","Fr. Ronald","sjcsbhopal@gmail.com","Strong academics | Website: sjcsbhopal.org"
"FP-053","Sushant Jain","Lead","Influencer Outreach","Influencer Hit List","Stock Market","B","New","Indu","","Send a creator-specific opener that shows how their audience confuses content consumption with decision confidence, then invite a collaboration conversation.","2026-05-02","Warm Prospect","Audience trust is high, but most creator communities still act on conviction borrowed from content instead of validated judgment.","Sushant Jain","sushant@example.com","Niche: Stock Market. Last topic: Nifty Analysis. Subscribers: 90000. Engagement: 0.035."
"FP-052","Ujjwal Pahwa","Lead","Influencer Outreach","Influencer Hit List","Finance/Careers","B","New","Indu","","Send a creator-specific opener that shows how their audience confuses content consumption with decision confidence, then invite a collaboration conversation.","2026-05-02","Warm Prospect","Audience trust is high, but most creator communities still act on conviction borrowed from content instead of validated judgment.","Ujjwal Pahwa","ujjwal@example.com","Niche: Finance/Careers. Last topic: Best Credit Cards. Subscribers: 82000. Engagement: 0.042."
"FP-035","Buffet Sessions (Founder)","Action","Campaigns","FNOMO_Priority_todo.txt","Campaign","B","New","Codex","","Shape founder sessions around the hidden cost of copying great investors without validating one’s own context.","2026-05-02","Execution Mandate","People consume Buffett content but still act without decision discipline.","","","Mapped from raw task list. Parent task: Campaign."
"FP-030","Coupon Model 20-30%","Action","Commercial Structuring","FNOMO_Priority_todo.txt","Commercial","B","New","Codex","","Model when coupon economics help activation and when they cheapen the decision-validation narrative.","2026-05-02","Execution Mandate","A coupon can drive activity, but it can also weaken seriousness around decision quality.","","","Mapped from raw task list. Parent task: Commercial."
"FP-026","Create Demo Video","Action","Internal Execution","FNOMO_Priority_todo.txt","Execution","B","New","Codex","","Build a short narrative demo around one wrong decision and how Fnomo would have interrupted it.","2026-05-02","Execution Mandate","People do not trust abstract positioning until they see a decision failure reconstructed clearly.","","","Mapped from raw task list. Parent task: Execution."
"FP-036","Free Investing Sessions","Action","Campaigns","FNOMO_Priority_todo.txt","Campaign","B","New","Codex","","Reframe free sessions as decision-diagnosis sessions so they build seriousness instead of casual attendance.","2026-05-02","Execution Mandate","Free sessions attract attention, but not necessarily conviction, unless the decision pain is explicit.","","","Mapped from raw task list. Parent task: Campaign."
"FP-024","List on Product Hunt","Action","Internal Execution","FNOMO_Priority_todo.txt","Execution","B","New","Codex","","Evaluate whether Product Hunt creates signal for Fnomo or just noise from the wrong audience.","2026-05-02","Execution Mandate","Traffic is not useful if it does not coincide with real decision urgency.","","","Mapped from raw task list. Parent task: Execution."
"FP-033","Pan India Feedback Campaign","Action","Campaigns","FNOMO_Priority_todo.txt","Campaign","B","New","Codex","","Design a feedback capture flow focused on real wrong-decision stories across geographies.","2026-05-02","Execution Mandate","National awareness is weak because lived decision failures are not yet being harvested and reused.","","","Mapped from raw task list. Parent task: Campaign."
"FP-032","Partner Incentives","Action","Commercial Structuring","FNOMO_Priority_todo.txt","Commercial","B","New","Codex","","Write an incentive structure that rewards qualified decision-moment introductions, not raw traffic.","2026-05-02","Execution Mandate","Bad incentive design fills the top of the funnel with low-quality attention.","","","Mapped from raw task list. Parent task: Commercial."
"FP-031","Platform Commission","Action","Commercial Structuring","FNOMO_Priority_todo.txt","Commercial","B","New","Codex","","Define a clean commission model for platforms before live conversations start.","2026-05-02","Execution Mandate","Commercial ambiguity slows serious partnership conversations.","","","Mapped from raw task list. Parent task: Commercial."
"FP-023","Platform Placement","Action","Internal Execution","FNOMO_Priority_todo.txt","Execution","B","New","Codex","","Choose the first discovery surface where Fnomo can appear without sounding like a generic tool listing.","2026-05-02","Execution Mandate","Placement without narrative control weakens premium positioning.","","","Mapped from raw task list. Parent task: Execution."
"FP-029","Revenue Share 30%","Action","Commercial Structuring","FNOMO_Priority_todo.txt","Commercial","B","New","Codex","","Pressure-test whether 30 percent revenue share is compelling enough for channel partners without eroding premium positioning.","2026-05-02","Execution Mandate","Partner economics can either accelerate trust or make Fnomo look like a commodity pitch.","","","Mapped from raw task list. Parent task: Commercial."
"FP-028","Setup Telegram System","Action","Internal Execution","FNOMO_Priority_todo.txt","Execution","B","New","Codex","","Design a repeatable Telegram operator flow for community discovery, outreach, and response capture.","2026-05-02","Execution Mandate","Telegram is rich in communities but poor in discipline unless the workflow is standardized.","","","Mapped from raw task list. Parent task: Execution."
"FP-027","Setup WhatsApp System","Action","Internal Execution","FNOMO_Priority_todo.txt","Execution","B","New","Codex","","Define a send-and-log process so WhatsApp outreach does not escape pipeline discipline.","2026-05-02","Execution Mandate","Channel convenience creates pipeline chaos unless the logging system is explicit.","","","Mapped from raw task list. Parent task: Execution."
"FP-025","Talk to Data Providers","Action","Internal Execution","FNOMO_Priority_todo.txt","Execution","B","New","Codex","","Identify partners who can enrich lead selection with verified operator or institutional contacts.","2026-05-02","Execution Mandate","Outreach quality stalls when contact discovery remains manual and inconsistent.","","","Mapped from raw task list. Parent task: Execution."
"FP-034","Women Investing Webinars","Action","Campaigns","FNOMO_Priority_todo.txt","Campaign","B","New","Codex","","Position the webinar around confidence before action, not information overload.","2026-05-02","Execution Mandate","Many women investors are under-served at the judgment stage, not the knowledge stage.","","","Mapped from raw task list. Parent task: Campaign."