Lead_Name,Channel,Owner,Next_Action_Date,Followup_1_Date,Followup_2_Date,Cold_Date,Subject,Message
"Blinkit","firozalam@blinkit.com","Kush","2026-05-02","2026-05-04","2026-05-06","2026-05-09","Fast decisions are not the same as good decisions","Hi Firoz,

Blinkit lives in moments where people move fast and decide even faster. What stands out to me is that convenience reduces friction, but it does not improve judgment. In many cases it amplifies poor decision habits.

Fnomo exists in that space before action, where the decision itself needs validation.

I’d like to explore whether there is a meaningful fit here rather than force a generic partnership pitch. Would a short conversation be worth it?

Kush"
"Business Owners >2Cr","Warm intro + WhatsApp + email","Kush","2026-05-02","2026-05-04","2026-05-06","2026-05-09","Most expensive decisions rarely look wrong on day one","Hi [Name],

A pattern we keep seeing with profitable owners is this: the expensive decisions are rarely the obviously reckless ones. They are the confident expansion, treasury, or personal capital moves that felt reasonable in the moment because no one challenged the thinking before action.

That is the gap Fnomo is built around.

If this resonates, I’d like to show you how we surface decision risk before money is committed.

Kush"
"CA Associations","Email + LinkedIn + phone research","Kush","2026-05-02","2026-05-04","2026-05-06","2026-05-09","Your members do not need more information. They need better validation before action.","Hello [Association Leader],

CAs already sit close to some of the most consequential financial decisions their clients make. What is often missing is not access to information, but a disciplined way to validate whether the thinking behind a decision is actually sound before money moves.

That is the conversation I’d like to open with Fnomo.

Would you be open to a short conversation on how this could create real value for your member base?

Kush"
"Practo","shoumyan.biswas@practo.com","Kush","2026-05-02","2026-05-04","2026-05-06","2026-05-09","Trust alone does not protect decision quality","Hi Shoumyan,

Healthcare platforms have solved discovery and trust distribution well. What still remains exposed is the quality of the decisions people make after discovery, especially when confidence outruns validation.

That is where Fnomo is positioned: before action, at the point where judgment should be stress-tested.

I think there is a non-obvious partnership angle here if you’re open to exploring it briefly.

Kush"
"Swiggy","saurav.goyal@swiggy.in","Kush","2026-05-02","2026-05-04","2026-05-06","2026-05-09","Speed changes behavior, but not always for the better","Hi Saurav,

Platforms that win on speed also shape behavior. The part most teams miss is that faster action often means weaker reflection before a decision is made.

Fnomo is built around that gap: validating the quality of a decision before it turns into action.

I’d value a short discussion on whether that logic can become a meaningful collaboration surface for Swiggy.

Kush"
"Zomato","abhimanyu.goyal@zomato.com","Kush","2026-05-02","2026-05-04","2026-05-06","2026-05-09","A speed business still pays for unvalidated decisions","Hi Abhimanyu,

Businesses built around speed usually see the cost of bad decisions earlier than most. The problem is not lack of data. It is that action often happens before the thinking gets properly stress-tested.

Fnomo is built around that exact gap: validating decision quality before action.

I think there is a sharp partnership conversation here around high-frequency money and judgment decisions. Open to a short call this week?

Kush"
"Tier A Schools - Email Outreach","info@sanskaarvalley.org; dpskolar@gmail.com; info@dpsneelbad.com","Indu","2026-05-02","2026-05-04","2026-05-06","2026-05-09","School outreach pilot","Subject: The real student investing problem is not lack of information

Hello [Principal Name],

Most young people do not make poor financial decisions because nobody explained finance to them. They make them because confidence arrives before judgment is validated.

That is the gap Fnomo is built around.

We are exploring a sharp, institution-facing pilot on better decision quality for students and families, and your school is one of the few where this conversation feels worth having.

Would you be open to a short discussion this week?

Kush"
"Tier A Schools - WhatsApp Outreach","8889533346; 7552433900; 7556611400","Indu","2026-05-02","2026-05-04","2026-05-06","2026-05-09","School outreach follow-up","Hello [Principal Name], this is Kush from Fnomo. Reaching out because the real issue in young investing is rarely lack of information. It is that decisions feel right before they are properly validated. We are shaping a focused school pilot around that exact gap. If relevant, I’d value 10 minutes to share the thought."